Temparature,Humidity ,Moisture,Soil Type,Crop Type,Nitrogen,Potassium,Phosphorous,Fertilizer Name
26.0,52.0,38.0,Sandy,Maize,37.0,0.0,0.0,Urea
29.0,52.0,45.0,Loamy,Sugarcane,12.0,0.0,36.0,DAP
34.0,65.0,62.0,Black,Cotton,7.0,9.0,30.0,14-35-14
32.0,62.0,34.0,Red,Tobacco,22.0,0.0,20.0,28-28
28.0,54.0,46.0,Clayey,Paddy,35.0,0.0,0.0,Urea
26.0,52.0,35.0,Sandy,Barley,12.0,10.0,13.0,17-17-17
25.0,50.0,64.0,Red,Cotton,9.0,0.0,10.0,20-20
33.0,64.0,50.0,Loamy,Wheat,41.0,0.0,0.0,Urea
30.0,60.0,42.0,Sandy,Millets,21.0,0.0,18.0,28-28
29.0,58.0,33.0,Black,Oil seeds,9.0,7.0,30.0,14-35-14
27.0,54.0,28.0,Clayey,Pulses,13.0,0.0,40.0,DAP
31.0,62.0,48.0,Sandy,Maize,14.0,15.0,12.0,17-17-17
25.0,50.0,65.0,Loamy,Cotton,36.0,0.0,0.0,Urea
32.0,62.0,41.0,Clayey,Paddy,24.0,0.0,22.0,28-28
26.0,52.0,31.0,Red,Ground Nuts,14.0,0.0,41.0,DAP
31.0,62.0,49.0,Black,Sugarcane,10.0,13.0,14.0,17-17-17
33.0,64.0,34.0,Clayey,Pulses,38.0,0.0,0.0,Urea
25.0,50.0,39.0,Sandy,Barley,21.0,0.0,19.0,28-28
28.0,54.0,65.0,Black,Cotton,39.0,0.0,0.0,Urea
29.0,58.0,52.0,Loamy,Wheat,13.0,0.0,36.0,DAP
30.0,60.0,44.0,Sandy,Millets,10.0,0.0,9.0,20-20
34.0,65.0,53.0,Loamy,Sugarcane,12.0,14.0,12.0,17-17-17
35.0,68.0,33.0,Red,Tobacco,11.0,0.0,37.0,DAP
28.0,54.0,37.0,Black,Millets,36.0,0.0,0.0,Urea
33.0,64.0,39.0,Clayey,Paddy,13.0,0.0,10.0,20-20
26.0,52.0,44.0,Sandy,Maize,23.0,0.0,20.0,28-28
30.0,60.0,63.0,Red,Cotton,9.0,9.0,29.0,14-35-14
32.0,62.0,30.0,Loamy,Sugarcane,38.0,0.0,0.0,Urea
37.0,70.0,32.0,Black,Oil seeds,12.0,0.0,39.0,DAP
26.0,52.0,36.0,Clayey,Pulses,14.0,0.0,13.0,20-20
29.0,58.0,40.0,Red,Ground Nuts,24.0,0.0,23.0,28-28
30.0,60.0,27.0,Loamy,Sugarcane,12.0,0.0,40.0,DAP
34.0,65.0,38.0,Clayey,Paddy,39.0,0.0,0.0,Urea
36.0,68.0,38.0,Sandy,Barley,7.0,9.0,30.0,14-35-14
26.0,52.0,48.0,Loamy,Wheat,23.0,0.0,19.0,28-28
28.0,54.0,35.0,Black,Millets,41.0,0.0,0.0,Urea
30.0,60.0,61.0,Loamy,Cotton,8.0,10.0,31.0,14-35-14
37.0,70.0,37.0,Clayey,Paddy,12.0,0.0,41.0,DAP
25.0,50.0,26.0,Red,Ground Nuts,15.0,14.0,11.0,17-17-17
29.0,58.0,34.0,Sandy,Millets,15.0,0.0,37.0,DAP
27.0,54.0,30.0,Clayey,Pulses,13.0,0.0,13.0,20-20
30.0,60.0,58.0,Loamy,Sugarcane,10.0,7.0,32.0,14-35-14
32.0,62.0,34.0,Red,Tobacco,22.0,0.0,24.0,28-28
34.0,65.0,60.0,Black,Sugarcane,35.0,0.0,0.0,Urea
35.0,67.0,42.0,Sandy,Barley,10.0,0.0,35.0,DAP
38.0,70.0,48.0,Loamy,Wheat,8.0,8.0,28.0,14-35-14
26.0,52.0,32.0,Black,Oil seeds,12.0,0.0,8.0,20-20
29.0,58.0,43.0,Clayey,Paddy,24.0,0.0,18.0,28-28
30.0,60.0,29.0,Red,Ground Nuts,41.0,0.0,0.0,Urea
33.0,64.0,51.0,Sandy,Maize,5.0,9.0,29.0,14-35-14
34.0,65.0,31.0,Red,Tobacco,23.0,0.0,21.0,28-28
36.0,68.0,33.0,Black,Oil seeds,13.0,0.0,14.0,20-20
28.0,54.0,38.0,Clayey,Pulses,40.0,0.0,0.0,Urea
30.0,60.0,47.0,Sandy,Barley,12.0,0.0,42.0,DAP
31.0,62.0,63.0,Red,Cotton,11.0,12.0,15.0,17-17-17
27.0,53.0,43.0,Black,Millets,23.0,0.0,24.0,28-28
34.0,65.0,54.0,Loamy,Wheat,38.0,0.0,0.0,Urea
29.0,58.0,37.0,Sandy,Millets,8.0,0.0,15.0,20-20
25.0,50.0,56.0,Loamy,Sugarcane,11.0,13.0,15.0,17-17-17
32.0,62.0,34.0,Red,Ground Nuts,15.0,0.0,37.0,DAP
28.0,54.0,41.0,Clayey,Paddy,36.0,0.0,0.0,Urea
30.0,60.0,49.0,Loamy,Wheat,13.0,0.0,9.0,20-20
34.0,65.0,64.0,Black,Cotton,24.0,0.0,20.0,28-28
28.0,54.0,47.0,Sandy,Barley,5.0,18.0,15.0,10-26-26
27.0,53.0,35.0,Black,Oil seeds,37.0,0.0,0.0,Urea
36.0,68.0,62.0,Red,Cotton,15.0,0.0,40.0,DAP
34.0,65.0,57.0,Black,Sugarcane,9.0,0.0,13.0,20-20
29.0,58.0,55.0,Loamy,Sugarcane,8.0,8.0,33.0,14-35-14
25.0,50.0,40.0,Clayey,Pulses,6.0,19.0,16.0,10-26-26
30.0,60.0,38.0,Sandy,Millets,10.0,0.0,14.0,20-20
26.0,52.0,39.0,Clayey,Pulses,21.0,0.0,23.0,28-28
31.0,62.0,32.0,Red,Tobacco,39.0,0.0,0.0,Urea
34.0,65.0,48.0,Loamy,Wheat,23.0,0.0,19.0,28-28
27.0,53.0,34.0,Black,Oil seeds,42.0,0.0,0.0,Urea
33.0,64.0,31.0,Red,Ground Nuts,13.0,0.0,39.0,DAP
29.0,58.0,42.0,Clayey,Paddy,9.0,10.0,22.0,14-35-14
30.0,60.0,47.0,Sandy,Maize,22.0,0.0,21.0,28-28
27.0,53.0,59.0,Loamy,Sugarcane,10.0,0.0,15.0,20-20
26.0,52.0,36.0,Clayey,Pulses,7.0,16.0,20.0,10-26-26
34.0,65.0,63.0,Red,Cotton,14.0,0.0,38.0,DAP
28.0,54.0,43.0,Clayey,Paddy,10.0,8.0,29.0,14-35-14
30.0,60.0,40.0,Sandy,Millets,41.0,0.0,0.0,Urea
29.0,58.0,65.0,Black,Cotton,14.0,0.0,35.0,DAP
26.0,52.0,59.0,Loamy,Sugarcane,11.0,0.0,9.0,20-20
31.0,62.0,44.0,Sandy,Barley,21.0,0.0,28.0,28-28
35.0,67.0,28.0,Clayey,Pulses,8.0,7.0,31.0,14-35-14
29.0,58.0,30.0,Red,Tobacco,13.0,17.0,16.0,10-26-26
27.0,53.0,30.0,Black,Millets,35.0,0.0,0.0,Urea
36.0,68.0,50.0,Loamy,Wheat,12.0,18.0,19.0,10-26-26
29.0,58.0,61.0,Loamy,Cotton,11.0,0.0,38.0,DAP
30.0,60.0,26.0,Black,Oil seeds,8.0,9.0,30.0,14-35-14
34.0,65.0,45.0,Clayey,Paddy,6.0,19.0,21.0,10-26-26
36.0,68.0,41.0,Red,Ground Nuts,41.0,0.0,0.0,Urea
28.0,54.0,25.0,Sandy,Maize,9.0,10.0,30.0,14-35-14
25.0,50.0,32.0,Clayey,Pulses,24.0,0.0,19.0,28-28
30.0,60.0,27.0,Red,Tobacco,4.0,17.0,17.0,10-26-26
38.0,72.0,51.0,Loamy,Wheat,39.0,0.0,0.0,Urea
36.0,60.0,43.0,Sandy,Millets,15.0,0.0,41.0,DAP
29.0,58.0,57.0,Black,Sugarcane,12.0,0.0,10.0,20-20
28.353930572739067,64.28497131532444,27.515123964292208,Loamy,Sugarcane,10.108308793674567,15.171644295677186,37.626775601167374,DAP
27.500619011933495,53.33112808137872,42.93181564415445,Sandy,Maize,32.108273965329474,1.8990677598379007,23.115934070083988,28-28
27.9054589677203,51.05354314056848,61.409949645732,Loamy,Sugarcane,10.180178856390576,0.48328438758181486,18.342227976979732,20-20
31.67959545955326,61.14480356319286,45.8139851279384,Sandy,Barley,16.02486908375799,0.0,25.40406629418167,28-28
26.999864297532525,56.50982070294582,59.04435807981207,Loamy,Cotton,14.047793630880383,7.795362716295874,38.094198752269435,DAP
34.140660926771226,62.50237905710599,39.21890512009931,Clayey,Paddy,25.933414965737526,0.0,3.983763066450013,20-20
30.28155944168559,61.522477881430774,64.1003857488955,Red,Cotton,12.1494819387624,8.009856847795202,25.327711133624444,14-35-14
32.19822368498918,64.0743833663161,32.312953940471395,Red,Ground Nuts,11.217669175365748,4.59582391813965,33.936322036052715,DAP
26.44816538818614,54.34738515067573,40.162004961387204,Clayey,Paddy,37.11853311835605,1.8788382154424634,0.0,Urea
30.877432107214766,58.947864131054175,45.10063489334732,Sandy,Maize,32.440234911160715,2.026681088692159,18.964206115881126,28-28
26.816481164588584,56.40974919105424,28.847224859618958,Clayey,Pulses,12.392149116423033,0.0,32.1762413970243,DAP
30.368176511252543,54.034993029567694,41.06773295266631,Red,Ground Nuts,11.343933968609782,2.8860607271075214,20.095317891830973,28-28
29.42969931921884,63.90826005387498,35.268242894936385,Red,Tobacco,21.979274632511274,0.0,19.17871174861606,28-28
31.448519380752774,60.2192785091988,28.47736471919359,Black,Oil seeds,9.90057899559928,8.187389236764982,25.47821260969787,14-35-14
28.927627669379895,52.83612312996697,46.55356878200349,Sandy,Barley,0.0,21.74648783778451,4.522851389821783,10-26-26
31.810393783656043,60.490424271497574,57.10543460608481,Black,Sugarcane,15.729168118354423,6.9064657161286025,10.918750371086869,20-20
25.990120879651485,53.60476115654573,58.37580361046546,Loamy,Sugarcane,7.768832955818982,0.0,16.477662404865498,20-20
29.25685647931165,56.69114961280777,27.911036365304213,Loamy,Sugarcane,16.72490732653275,6.188959028515322,33.3504960438,DAP
22.223978778391935,52.891184896919725,38.17555732188087,Sandy,Maize,35.22650857850248,1.5017594415190514,0.0,Urea
36.97630129923688,65.32173828586261,33.34692105106739,Red,Tobacco,26.179256185379437,10.07983533578872,18.07058451923504,28-28
32.988668495344406,65.02810140284976,53.6451115672585,Loamy,Wheat,38.679185182572475,0.0,8.454169365439997,Urea
33.686752613561445,64.0486421359783,57.08004443597473,Black,Sugarcane,9.433489476592577,0.0,6.872458783241838,20-20
29.023491780155666,56.80652344418013,32.41547084470994,Sandy,Millets,16.47400107822002,0.0,41.89682527222721,DAP
25.795689724149515,49.79249969214735,60.589897302436235,Loamy,Sugarcane,20.50351606126656,4.179533683887256,2.2224064937827617,20-20
32.352815675308506,64.82462832196134,29.347666105881235,Red,Tobacco,32.4038336085873,0.0,24.08952785322346,28-28
35.634905399338905,64.71726086507414,39.24643165842523,Clayey,Paddy,35.53736420073271,0.0,0.0,Urea
23.651843487439137,50.368632075753,23.746510613799483,Red,Ground Nuts,10.986407726914589,22.240578317965777,10.42274408730271,17-17-17
34.86161520316081,65.93342102729486,55.00066910277792,Loamy,Wheat,43.09535559001058,0.0,6.42209958299777,Urea
25.84595622724768,49.27471568203594,25.710611259907253,Red,Ground Nuts,17.38397486062253,16.551602321066632,17.637027741317105,17-17-17
32.153994957981794,64.3774090344716,27.562203558613515,Red,Ground Nuts,4.065426352093057,0.0,40.042922852457544,DAP
29.775820120384537,60.70997264626213,38.55784557428015,Sandy,Millets,5.676681294327084,0.0,16.088414116981554,20-20
33.32123642865264,66.9506091809826,48.03800268656309,Loamy,Wheat,32.75316155081618,0.0,18.075025486606624,28-28
34.364429891889024,62.3077238274851,33.39000493049605,Red,Tobacco,28.5563866068535,0.0,19.512459005581192,28-28
30.617318371039318,66.0556758689203,29.532578177360918,Red,Tobacco,19.090165473922973,3.59511650072694,26.557972581400904,28-28
30.957588580342808,61.20013114315747,49.25197085073118,Sandy,Maize,16.190863863104557,9.417724498397117,30.024979720717056,28-28
29.856016233599927,57.492406891748196,47.063326140117454,Clayey,Paddy,29.665775903221594,0.0,23.38828373496112,28-28
35.97708132628872,68.12002124457294,41.46423577695115,Sandy,Barley,2.0896215058410075,0.0,41.73913400220113,DAP
27.281331634352036,57.22560846456281,29.009747968207606,Clayey,Pulses,16.73057567661928,0.0,37.3106363368306,DAP
34.822946125638516,61.49788303225049,46.08722413704166,Clayey,Paddy,8.801521494087186,14.373465180043127,23.681308109049297,10-26-26
33.18637213765617,68.23430333053362,50.156300588171696,Loamy,Wheat,14.748854745971494,16.26208466234628,14.7798725320207,10-26-26
32.43311854151085,62.455651026351674,44.54855870574989,Black,Sugarcane,15.525040750206195,13.742540844712634,12.260609951167421,17-17-17
34.746538858524694,67.08126238449432,59.75740268610699,Black,Sugarcane,36.150829038064295,5.403493728295794,2.258925338266015,Urea
25.370514914994263,49.21712152562029,65.75116087418313,Red,Cotton,4.855936143999357,0.8079503491307377,8.819423994584415,20-20
27.24402601371968,54.347107571842955,47.76504619672933,Clayey,Paddy,29.128763399080093,0.0,0.0,Urea
26.108794626580234,50.33359859552926,43.17476812204909,Sandy,Maize,28.748610676147152,0.0,28.24237319856652,28-28
35.32103020873444,63.88116692174147,37.36974618608885,Clayey,Paddy,36.35481955130199,0.0,3.398571502276072,Urea
38.30895146043482,67.95606542441898,60.52397554419021,Red,Cotton,12.05396627206552,0.0,41.71168858198663,DAP
31.407206355411088,59.2869954946172,50.19771660706695,Loamy,Wheat,12.823014337664286,8.238536191087315,14.921046265153091,20-20
34.409950412665516,64.91694175264915,54.607486668698,Loamy,Wheat,42.09614798692491,0.0,0.0,Urea
32.168469271198774,59.77143003376208,44.726090414037536,Clayey,Paddy,31.45893307642312,1.4185925610476162,11.660344071999837,28-28
28.064614459902607,56.18658737378762,29.15492054413847,Red,Tobacco,10.608455067122776,15.321793795031438,20.462836438498044,10-26-26
32.77241718769309,64.4928707519627,26.978492160744654,Loamy,Sugarcane,48.64797262177568,0.0,0.4600948662536798,Urea
34.25133295982564,61.60529361379173,58.35035313750872,Black,Cotton,6.322088132372691,12.370323136357792,31.048919930820325,14-35-14
23.964938994299505,48.21214832599742,37.92567631154542,Sandy,Maize,43.48830469220728,2.8519520052577567,0.0,Urea
24.317228380170196,50.340437421106955,28.807214548416916,Clayey,Pulses,15.468977125732883,0.0,24.42165103931422,28-28
33.936211008025104,64.92178690543389,62.52134919055169,Black,Sugarcane,40.94419843219849,0.0,0.0,Urea
33.77332944029214,62.167519625961106,30.273281497698207,Loamy,Sugarcane,43.39011689314698,6.239309823896138,4.308997676482887,Urea
27.53981703884789,52.71721255470026,29.593564817225,Clayey,Pulses,10.880626083700145,0.0,18.6810715261553,20-20
29.91823985032708,57.868852997391514,23.542581611142378,Loamy,Sugarcane,10.003758362871997,7.7032946546434005,38.272788269118465,DAP
26.311597459882723,53.52398424177248,46.71374810580291,Loamy,Wheat,13.919874823436222,4.139612059576376,32.0380571817595,28-28
29.889312034593488,58.91293711346884,61.521730552121355,Red,Cotton,0.7503618635017766,11.323804919353371,33.013878041510736,14-35-14
26.630908552459175,51.97242668583268,38.75561784785398,Clayey,Pulses,34.800681404400336,0.0,0.0,Urea
31.063443612942095,59.86116751100451,34.21328981865382,Sandy,Millets,11.374506342162345,0.0,36.8382794325299,DAP
26.331085178282205,53.18274727209245,58.76324162875889,Loamy,Sugarcane,11.224759129884031,0.0,19.969827995308908,20-20
37.231790078348794,59.63036751538675,45.72554683478534,Sandy,Millets,6.0945193253679335,0.0,46.889522004345984,DAP
28.60624200348456,54.88407676143855,29.687044277806244,Clayey,Pulses,20.839799440080633,0.0,12.400503592628937,20-20
26.74140593796074,58.46408801073421,43.636107569555314,Clayey,Paddy,3.2232370546757867,5.230352483261708,29.563136591547668,14-35-14
28.934962651025916,62.68257517536698,42.81347569214589,Red,Ground Nuts,27.606927371853065,2.3421904864418446,24.547459951421892,28-28
32.4253960084233,59.87390069495797,35.990937657758195,Red,Ground Nuts,15.72990248750974,9.594315053670858,40.18151493823342,DAP
28.36663894518005,52.19954621497791,25.60613956955736,Sandy,Maize,0.0,4.1572537401963885,37.806076131197464,14-35-14
28.42184554186056,56.88858089326494,65.78943341697277,Black,Cotton,41.52430748155282,0.0,3.408355062888337,Urea
36.313049264259995,66.4046201450812,63.35128402145024,Black,Cotton,26.835680204771094,4.842471146260041,20.06034327709601,28-28
25.44476559778136,48.66585301682185,36.153365189314606,Clayey,Pulses,11.985706949290766,16.536593904923347,10.79347422092197,10-26-26
24.782800560916208,48.19715752716343,64.8431713233065,Loamy,Cotton,38.46973600774565,0.0,7.909255167953544,Urea
33.82690328789884,61.051585159734394,48.91765119958328,Sandy,Maize,14.943445275746328,10.019683390515322,9.680048561422657,17-17-17
28.05672094970877,58.74394838125946,45.665885918048545,Clayey,Paddy,30.266237898626297,0.8876224645112364,24.00122663151125,28-28
27.720502955030483,58.46355729031307,49.91634573247966,Loamy,Wheat,17.42639963942506,0.0,38.96272258507076,DAP
24.25859371160292,51.412773795893436,39.8720572243381,Clayey,Pulses,2.3973592031694264,21.857762316061567,23.123028148313427,10-26-26
28.08144464397516,52.36627850828261,38.108317256434106,Black,Millets,41.29260185137112,2.397523148590192,0.0,Urea
25.65968396149021,51.914811155937876,39.57096826772614,Sandy,Barley,23.427278817049743,3.514208288339526,17.118826280493057,28-28
29.01826607218597,56.13565465454891,26.79981800750229,Loamy,Sugarcane,9.000948106322618,1.6940108756036354,45.62504484601156,DAP
24.618659305062806,52.208981190904346,33.25915471473399,Clayey,Pulses,7.760310474640837,10.988880315376749,13.39252148558371,10-26-26
28.138413645788223,55.21708144252252,35.65570372482182,Sandy,Millets,0.0,0.0,22.973289096395,20-20
37.451999063651954,68.60709950252404,60.75376133036817,Red,Cotton,14.44659698951771,2.791174436457494,33.63311810359377,DAP
29.512197124873147,52.14764226570273,27.259070156637847,Clayey,Pulses,24.184811465698417,0.0,37.799724768352945,DAP
33.72969547538525,62.048522899900064,61.26797012515316,Black,Cotton,1.5967185796451684,11.977681281872384,29.97536608117112,14-35-14
36.30065945005796,66.30417394144935,47.23897441457968,Loamy,Wheat,11.622103021571032,16.21958499530267,15.943652006675057,10-26-26
29.836748914186096,52.30601362439935,42.994133795922146,Clayey,Paddy,10.611379564299968,7.2795154458488724,25.85479322297316,14-35-14
26.249073675695527,50.248095074856145,25.070129322715417,Red,Ground Nuts,11.120347763714875,15.9415332666121,17.929340143850876,17-17-17
36.10853411395514,68.1116793111167,37.75686539300939,Sandy,Barley,0.17947904279892857,0.0,36.379922659988225,14-35-14
34.42925882571237,65.24125831033685,27.73103394830046,Clayey,Pulses,12.08558297756338,5.015594097065157,31.275110836348528,14-35-14
30.84539018976199,56.08408304074929,41.96598137420911,Clayey,Pulses,42.21472758211688,0.0,0.0,Urea
28.90188266615906,56.78668310870716,41.86556694114712,Clayey,Paddy,25.812751574988198,5.809782619669855,21.525847455654244,28-28
30.432302671349166,60.60845749608341,56.57116829753534,Loamy,Sugarcane,15.071408836725208,12.263063921160406,27.24461858160516,14-35-14
36.68033884564669,61.860411446857775,61.86072105906195,Red,Cotton,12.897180328210094,1.287215103455053,43.78704651142287,DAP
29.272777615107387,52.67686081138355,24.111424293838862,Sandy,Maize,18.7962223278642,11.6292510163015,30.527138258550035,14-35-14
26.935808422957724,51.65077302872882,29.561195243552504,Black,Millets,45.25070681124767,0.0,0.0,Urea
33.398020627654724,66.03326289971496,26.33603622732245,Clayey,Pulses,10.728000831643582,8.018789046508815,39.75499561853543,14-35-14
31.80513974521922,61.947417170716975,65.15603959853827,Red,Cotton,6.995050929649136,5.061574818152501,14.896726858986948,17-17-17
29.173910796999095,57.410640122504425,62.99184354972697,Black,Cotton,18.498904108301375,0.0,24.854842379961852,DAP
24.45380217328197,49.873824781039566,56.087867282430764,Loamy,Sugarcane,5.837569332172853,16.471810016154794,12.18822057199886,17-17-17
27.37724331423341,63.35634549854953,26.99646446344769,Red,Tobacco,4.633000999492024,16.50795026915231,14.183212636537597,10-26-26
23.498139391010273,47.87003830007173,29.176579152640457,Red,Ground Nuts,9.412359816614547,13.17543809728242,4.801201773067914,17-17-17
35.75319306597194,70.27788237243183,61.00106472924477,Red,Cotton,11.371513268866586,0.0,39.70762982377446,DAP
30.80571103087044,56.43633406778042,28.19598198210963,Red,Tobacco,5.984687068295422,29.49401941538801,8.179295345302695,10-26-26
33.066936101387356,64.9631839310918,36.89129252646227,Clayey,Pulses,38.32408209146489,3.3486081762179376,0.0,Urea
34.4979999733871,64.72742596322577,55.43426787980635,Black,Sugarcane,7.0831103904701145,0.0,17.023700438332657,20-20
30.47650711630698,59.63128815620759,48.078050788319686,Sandy,Barley,12.78824088487579,0.0,39.02279125915186,DAP
23.055503148855884,48.94813766611661,58.29177927307155,Loamy,Sugarcane,17.19781505996564,7.773337186914137,18.278679916965444,17-17-17
29.473460346092562,65.01467610821601,65.39313371052162,Red,Cotton,3.5509896176348796,15.538031859462158,15.914488386734654,17-17-17
23.191893929626,50.46892802459488,31.12407211996229,Clayey,Pulses,29.637331999942653,0.0,15.208430185430409,28-28
29.342728171196057,53.963656671602294,40.902776447509865,Loamy,Sugarcane,3.6752060693301036,0.0,35.19407765933773,DAP
34.25632389737317,61.806619450916706,51.21556425576574,Sandy,Maize,13.74258803468001,9.418608915034145,32.707946393664834,14-35-14
33.997325169470365,61.71809223254022,52.86683766827948,Sandy,Maize,4.823904556017766,10.192849930709755,39.827445557988405,14-35-14
26.147985378252038,54.87491800149162,30.005596158259255,Black,Oil seeds,21.768350320481815,0.0,15.935183208715522,20-20
35.02161983858194,63.02499250626649,61.893060007957025,Black,Sugarcane,24.714873407401377,13.290792262167678,6.512239350484616,Urea
28.304635432593223,54.375407933237696,66.00736509268151,Black,Cotton,34.38146113092232,0.5169309822671851,4.4402401418688,Urea
30.099761597966314,53.46821371216045,38.66020126821289,Clayey,Pulses,44.14104750780737,10.784991487974194,7.43855938104396,Urea
32.463705126894176,60.59788424098969,46.45294125702871,Sandy,Barley,15.6564969709992,0.0,19.16444902079092,28-28
27.590153955593074,60.136054426858976,39.74112211367751,Sandy,Millets,9.532083014708315,3.927030437750292,8.826424454373665,20-20
32.21470868824198,60.5467300548749,28.299096825562383,Loamy,Sugarcane,40.23818473788463,0.0,0.0,Urea
28.017617706455013,50.788116457751165,59.10784231105766,Loamy,Sugarcane,13.416657634076865,2.03660670513824,11.54533291697116,20-20
33.20020327586037,62.991271429338276,31.356452108018463,Red,Ground Nuts,18.761754858487436,7.221376653367635,38.89794373024751,DAP
26.13019767966468,49.90658913631986,33.85149015258795,Red,Ground Nuts,13.511189435408491,3.4304093130759723,38.2137909477263,DAP
35.192880755718356,61.99046934870474,65.00825542257158,Red,Cotton,28.635499984780257,3.663346138515606,46.07891693892636,DAP
30.438402844976366,58.18533849920131,48.94089048781322,Loamy,Wheat,19.778710810255834,1.0921802943804977,3.3325420482432015,20-20
26.71446633053909,50.98252037106557,33.835409495403155,Black,Oil seeds,7.168907004296378,2.4245305270601136,9.606467840209325,20-20
22.644855511555093,47.61127398573377,32.93250104441088,Clayey,Pulses,33.192415216183534,0.0,16.57696694582033,28-28
33.89057452289409,62.092895177040305,32.37279105133025,Loamy,Sugarcane,32.44895628815578,7.12529787425216,6.728183277171369,Urea
35.27307912123953,60.672494846366305,41.99322477906377,Clayey,Paddy,15.027089033949132,23.428690763571375,18.01887313715015,10-26-26
40.284779535945184,68.09533191067956,36.38039164765273,Black,Oil seeds,13.558114038231597,3.706573006466643,37.36969251655316,DAP
35.80569937682309,65.99864519712172,31.65372833679409,Red,Tobacco,13.519078778052119,2.198480435363242,30.495851882767703,DAP
29.510846822418753,55.052092542209365,67.16535649576898,Black,Cotton,11.888227402704512,1.6659886128480086,44.002531895411636,DAP
31.559654994392844,64.28103989258526,44.563290397646774,Clayey,Paddy,6.408072166564438,14.785747473694958,17.511770459925586,10-26-26
31.673975345359757,66.93392674559887,31.702436176996148,Red,Ground Nuts,9.170288190550728,4.808134561276603,34.437945149672984,DAP
32.03060395078383,59.5040504371625,45.311662213782846,Sandy,Maize,17.542438166920064,20.07473686481373,13.380350351734725,17-17-17
29.659247831275433,56.54020812863296,33.035882146590176,Sandy,Millets,10.33908653627657,3.165160294527769,35.19152591426039,DAP
32.834023697941106,65.82178228886978,59.929911931375564,Red,Cotton,7.9093085988375655,9.527737444566428,7.5679044174992205,17-17-17
31.407599738078538,61.454943784623325,37.841839113155125,Red,Ground Nuts,15.631563027334943,1.4957923445027803,33.26523126772841,DAP
34.23024742604265,65.11995478717984,54.28534803958299,Loamy,Wheat,39.7547269637133,0.0,0.0,Urea
35.99491277743141,70.08878554596976,39.55966901501226,Red,Ground Nuts,43.249619703116025,2.52464888802249,0.0,Urea
40.32400125538759,67.1561034274625,46.065406036045374,Loamy,Wheat,6.522103541463651,0.0,37.5376089717065,14-35-14
32.737643107518785,65.81462203320837,63.301570208786146,Black,Cotton,11.926570254521272,10.697778357369113,25.91155701314779,14-35-14
28.723305728534815,60.90929462887161,45.5163110012795,Sandy,Millets,23.72966259031262,0.0,17.080706327572603,28-28
31.35266413963701,63.277207227667816,51.35357141306846,Sandy,Maize,0.0,4.775758192362453,29.224381533847225,14-35-14
33.58919728501277,64.51817913328637,65.77114789220266,Black,Cotton,24.96873797195594,1.9322339088105207,22.073422278741702,28-28
32.30646590953972,62.38115490769163,50.81118528091499,Sandy,Maize,5.830244428656296,3.813022776329854,35.78297603559592,14-35-14
30.085540661965716,60.09660086369165,49.19545265655691,Sandy,Barley,6.382230774197634,0.0,38.15275700592574,DAP
35.91350780095241,67.2380820993392,34.57775520797157,Clayey,Paddy,17.64655177513078,0.0,44.790304199070825,DAP
31.25918370891505,62.62221657854209,41.25565302432895,Clayey,Paddy,19.888823363053238,10.761635660353111,20.177784759438467,28-28
31.622702087609444,60.01835318632015,49.9956801586193,Sandy,Millets,7.977982286406584,1.3460169568322624,5.193679579295501,20-20
30.16834410705483,67.55664762031486,38.36892119366877,Sandy,Millets,44.39681336985251,7.585157416165513,0.0,Urea
27.606058030486697,59.12400306264394,64.65533176622259,Loamy,Cotton,19.14975478424834,0.0,35.806813765671116,DAP
29.60372770431142,62.44893333690596,63.14712616073832,Loamy,Cotton,4.599264469192693,14.262075520536921,33.337226451171006,14-35-14
27.06673989244521,52.11179119017673,38.022524624474,Black,Millets,44.58144481331503,0.0,3.3558403648828516,Urea
26.93969672093698,57.069281097075184,46.52124935781633,Clayey,Paddy,37.242543440252334,4.915381221389484,6.829886914989735,Urea
25.504930429859225,54.4780441129658,63.702601774561494,Red,Cotton,16.820799959164752,1.0649206515580534,6.940924659100231,20-20
34.6031003569099,62.509955309093776,52.10964068323655,Loamy,Wheat,38.43174962365391,0.0,1.247295132137876,Urea
28.892771834516413,55.358531982206756,35.501109720413105,Black,Millets,31.65485042654514,0.0,9.727902642350816,Urea
33.53212425334413,59.39477463777987,27.994396190400693,Loamy,Sugarcane,9.067880754260779,0.0,42.60459899403975,DAP
27.044437094049975,51.958832598421296,47.445054132521506,Sandy,Barley,0.0,23.473105295665633,14.231736924907977,10-26-26
33.72229733384264,64.22690844107011,48.229210396453446,Loamy,Wheat,23.83846098729302,5.640076318478248,13.864001114870485,28-28
27.28854968585288,51.36870742427582,43.89124841377546,Clayey,Pulses,29.832942616040988,5.146170002332901,19.665165599847384,28-28
26.467257078209517,54.373584866081096,34.57316378115058,Sandy,Barley,19.99550587872059,11.860215337090088,9.430555494626034,17-17-17
26.00392751632406,51.47129962423247,39.58104547601597,Clayey,Pulses,16.882955013149207,0.0,24.086691960249578,28-28
25.61962920042731,50.303917732836986,23.20262388023673,Red,Ground Nuts,8.61517247742683,12.174078542742516,0.8838288185271779,17-17-17
32.45672873257401,53.6914778892331,39.45215209496973,Sandy,Millets,17.143129346841388,0.0,14.005288309716539,28-28
35.01735470463247,59.57653576832905,35.8551700531054,Clayey,Paddy,35.021923704064804,2.535719543628179,0.0,Urea
28.795392681596496,51.08389784951236,35.51686977942681,Black,Millets,37.211091542689935,3.438347084523855,9.726913069631852,Urea
28.484986455763714,56.18801245177223,43.66286596877924,Sandy,Millets,25.276618710773057,15.021538129255664,22.559087997723353,28-28
36.778529396540584,66.57426622975905,64.66819670153771,Red,Cotton,17.658208536328154,0.0,30.269735764795332,DAP
29.31596298773405,56.87829588231951,30.52209253289658,Black,Oil seeds,4.375442399552916,8.769133622826903,33.993041158164786,14-35-14
27.468601986875104,49.87887620654842,32.54977557926059,Red,Ground Nuts,17.25462090831151,0.0,42.57240610358791,DAP
35.22823280596132,65.74531705619883,62.884835102546816,Black,Cotton,6.407041531745145,5.2032857200324285,29.20827211616249,14-35-14
28.769033563569764,58.5360618061115,60.51421906236305,Loamy,Cotton,13.06433891741027,9.025767256699092,35.655394997543844,14-35-14
25.190730890445103,49.416138293252814,57.453967758128236,Loamy,Sugarcane,10.25379478588343,18.52451421349135,9.143615760976662,17-17-17
32.04926104976066,63.21144527243239,32.74475574142677,Red,Tobacco,43.35546116001649,0.13202779626145772,12.948805717744836,Urea
29.15926366132879,54.75697505085147,39.360717563468334,Black,Millets,34.65375495294539,0.0,0.0,Urea
23.753531287670388,47.402559851498296,65.15013192505187,Loamy,Cotton,36.587817152161335,8.240486940700332,2.3998654763941243,Urea
24.84919589181623,54.214318027128606,58.92634821944576,Loamy,Sugarcane,0.0,0.0,17.420500583049225,20-20
27.144887226089754,58.539346385474,61.904624320403855,Black,Cotton,12.296900088931734,0.0,37.90410464386333,DAP
34.94593091051809,66.60842029329193,50.654235253390105,Loamy,Wheat,7.0753211716017566,25.061117254215343,20.100657476400862,10-26-26
28.115170962117322,49.70714006764028,32.82825397137461,Sandy,Barley,9.771291155804409,13.58663407788084,6.219400896733749,17-17-17
27.26982485567201,55.167213513196494,36.888558968016646,Black,Millets,24.79830313252145,2.5664941306724174,9.667976148539708,Urea
37.00683494035179,58.88888140337046,44.66660032890551,Sandy,Millets,17.57076242464811,3.403508497287839,37.806840963668556,DAP
26.571780963163462,55.96569649547962,33.16253091403361,Black,Oil seeds,40.229561038209496,2.6969822940103287,2.3386927921027056,Urea
25.582923679326644,55.36356200140462,30.862651889503052,Clayey,Pulses,13.604548502647042,2.471049978451177,17.25740172461019,20-20
31.04330315072208,59.98269581519432,63.85290873800628,Red,Cotton,0.0,14.365052999977035,25.488836369754395,14-35-14
31.8277998109836,63.573689870868755,30.68493415355903,Red,Ground Nuts,15.798560653288334,8.833108031078106,41.27830638739174,DAP
28.400014894527303,55.257200431270114,55.10920248963811,Loamy,Sugarcane,17.67132451053519,1.7504353711023768,29.849037036509248,14-35-14
27.865459992626153,59.67919359520648,56.016447002155445,Black,Sugarcane,4.49153899241813,5.896732324574389,20.162407540155407,20-20
29.393554003527385,61.50158161205088,46.100637430861106,Sandy,Maize,22.15387033177832,0.0,29.934692097290466,28-28
25.338536561276026,55.12768952695819,47.268261615499135,Black,Millets,23.826441143849618,3.5738185777321996,24.823216576586198,28-28
27.280512330886733,54.90438114358323,28.83866962845075,Black,Millets,42.92390109541578,0.0,0.0,Urea
25.99163939124071,51.72185866071836,39.483605561824135,Sandy,Maize,31.912191579597362,4.311785608720334,1.6255924557191672,Urea
33.31537187355545,66.61388784308632,36.23357780129403,Clayey,Pulses,40.69280030997147,0.0,3.2832715923233744,Urea
29.080142245568524,59.05285688052758,62.09547224420777,Loamy,Cotton,0.0,9.62984534895593,39.463052183304306,DAP
27.792254430885475,51.84376172915317,27.852295112585274,Black,Millets,36.37758449383227,2.351122093684997,0.17302822816894603,Urea
38.68532694998019,69.38898856052884,47.36549302717766,Loamy,Wheat,10.563188399503298,6.704086787989427,28.017251910100896,14-35-14
29.533421935785675,57.78661282836478,54.62683202059301,Loamy,Wheat,9.61923750882932,2.8137627883466374,27.005206215982145,DAP
29.918912930928254,58.41513384861782,41.55740039242854,Clayey,Paddy,13.020778831195841,13.110204690579453,19.76955364293257,14-35-14
31.122312596950945,67.22389892517192,51.66242422024952,Loamy,Wheat,42.91204806226988,0.0,0.5525934880059636,Urea
29.759351133896157,56.03740176762289,20.25496269470415,Sandy,Maize,8.538553033352352,6.66331707176953,32.080709939032594,14-35-14
25.85987490617078,54.002833664824216,39.673826893511894,Black,Millets,37.179208997957694,0.0,0.0,Urea
23.123451635527644,49.20946919322583,22.67358652850726,Red,Ground Nuts,19.05875242492362,10.78495921362084,12.266282591662783,17-17-17
30.323193426541305,60.54766046839764,25.875190238368095,Loamy,Sugarcane,20.521892629059444,2.9331012591042906,40.20783580206316,DAP
37.682528632159745,72.67508344976041,53.92377719320963,Loamy,Wheat,44.63966001424538,5.594687089137558,0.0,Urea
32.369395579765424,65.94340199150388,31.59790467312184,Red,Ground Nuts,16.160352480571206,0.0,40.17103614685857,DAP
27.911937492799925,56.14903419316301,63.60009378144159,Black,Cotton,4.330629432925118,0.0,32.21827952405832,DAP
29.173559698468758,51.5347696191916,46.04982268871997,Loamy,Sugarcane,11.612500713765147,0.0,31.399377945990345,DAP
26.151695748421467,48.27941058946871,61.47640109659863,Loamy,Sugarcane,11.845672731378171,6.618653021918062,11.212819760871088,20-20
40.912288742111166,74.51664195262761,50.37409546301726,Loamy,Wheat,45.78494374431105,7.632342242189562,1.0849699917195086,Urea
36.60089281893962,66.38037361379833,45.3282770028624,Clayey,Paddy,0.0,29.031336220667946,16.930251070338603,10-26-26
37.33782820654767,69.93234121839704,31.935565360025834,Red,Tobacco,14.633187259018975,0.0,43.46242727919883,DAP
32.82257363187286,63.57150490712919,25.586622095832833,Loamy,Sugarcane,16.6709954446642,0.0,38.31406319284199,DAP
32.876457986345656,62.554707582461,38.878421109314466,Clayey,Paddy,21.32096301677418,0.0,17.44065222234574,28-28
37.4212983207998,72.84373631310262,30.559387786148505,Black,Oil seeds,11.320865284614543,5.569281373511846,36.3944730787061,DAP
31.311196432484213,59.047895922644535,25.888548047728705,Red,Tobacco,7.310614518567647,9.337154221543884,19.132336882783882,10-26-26
29.19602715300854,59.370355359218294,43.29161654880488,Clayey,Paddy,10.736067656566965,9.516185159369703,30.188558242991753,14-35-14
32.38360562927235,62.64349889982667,50.23086649851046,Sandy,Maize,10.06872088786741,14.347326230083649,26.99899522423082,14-35-14
29.5937515294996,60.35059293946415,39.311350980203706,Sandy,Millets,41.78357778889689,8.267768101350194,0.0,Urea
28.61455303055501,61.89500113564881,37.78795614344398,Sandy,Millets,17.662545403499994,2.470313813988936,8.480554859224945,20-20
32.86184154710701,65.1790590999298,34.14112256467046,Clayey,Pulses,34.25538647586406,0.0,0.0,Urea
27.650326238371367,50.900403568578405,34.68132202445341,Clayey,Pulses,19.01573549508972,0.0,28.19130234952828,28-28
31.28286493339615,53.572375921645005,40.833655451906935,Clayey,Paddy,5.3939567566780795,0.5964537655506241,32.691214105844935,14-35-14
37.67758232065012,67.82642215729874,63.33178927588724,Red,Cotton,12.990702206147517,0.0,49.5928638279029,DAP
33.17611130655433,64.26075272526296,64.72917680876309,Red,Cotton,19.89623388300701,3.9285816022408553,42.70922365813447,DAP
35.32790436528491,65.69740509105036,41.97266544593059,Sandy,Barley,13.66001863191001,0.0,36.82990704206345,DAP
31.992739082151132,68.71141364573415,52.76942952035489,Loamy,Wheat,44.47956444473638,4.648963050553482,1.763321745611468,Urea
28.385228609638432,58.36331717866817,55.242538053050595,Loamy,Sugarcane,7.600967587228446,13.471631150415888,39.11883802076126,14-35-14
35.87588229903575,65.20965106365941,60.005002026371315,Black,Cotton,21.634915977182953,5.832448200145733,12.899437284556859,28-28
29.31969621719503,60.83808298405372,48.39256393033881,Sandy,Barley,8.405661926388,0.0,45.32194747669759,DAP
28.438380330260706,51.14684159817524,45.29735842737937,Black,Millets,29.0653807948755,3.0987735873034095,20.579710959047148,28-28
27.208441692994093,50.06502166541097,36.991917015994055,Clayey,Pulses,11.001777675701968,0.0,17.196028578145395,20-20
28.425971723848292,56.848503958031905,24.95070931120149,Sandy,Maize,6.7087066080087725,6.964724323592865,26.59850916990964,14-35-14
28.316397077022135,52.44885838510811,42.399458570853795,Clayey,Paddy,36.54860812448044,0.0,0.0,Urea
27.5456391556238,59.00189465432643,33.700885951222126,Black,Oil seeds,39.491506599210275,0.0,0.0,Urea
33.83490030474884,67.16957913790088,41.486948401233,Clayey,Paddy,15.525027370648308,21.51239467485737,25.119211262801812,10-26-26
28.09732672677085,62.814936272345186,43.637385174393934,Sandy,Millets,23.381252195355273,0.0,19.76945513264625,28-28
33.060547911376176,64.17779627691795,49.866040983162954,Loamy,Sugarcane,12.464033194958134,11.301042451062363,23.073444361289873,17-17-17
29.911574281234635,56.41042356484187,63.06429886542608,Loamy,Cotton,7.5434767576897706,0.0,43.88924538439816,DAP
32.620842158680084,65.0664668760112,37.29809369653984,Red,Tobacco,18.05523847569645,1.0606200530825953,35.23511407657527,DAP
25.23579989117259,57.771061485304976,44.39497520934341,Black,Millets,20.884541541594114,5.735854110296106,16.585527776149284,28-28
32.69837776096341,65.67324751480741,54.078682769334094,Loamy,Sugarcane,11.835875685750173,7.737405714481145,20.59209014566236,17-17-17
27.47772853136561,54.0603302840316,36.445011578710165,Clayey,Pulses,36.752069902038805,2.6975132248681524,0.0,Urea
31.09735266074303,64.76477262845472,34.158814327954985,Red,Tobacco,21.458688762931896,0.0,16.742835858949086,28-28
27.688861029821336,59.82712533177574,45.605184048545105,Sandy,Millets,19.243703774732566,0.0,13.393556893982964,28-28
26.71901353727216,50.1774948011312,42.0537352932559,Sandy,Barley,12.33124305619442,0.0,16.828324474043352,28-28
27.148689352722165,53.329631533918295,36.324294100019095,Clayey,Pulses,42.77177317128767,6.477710438903127,0.3729565597886626,Urea
28.209860122744722,54.819000224436124,46.6596234991332,Clayey,Paddy,25.40977174334746,4.163981627776735,0.0,Urea
24.660759297112165,53.38912851878006,35.82949221937591,Black,Oil seeds,39.414227191328735,9.226967925438068,0.0,Urea
27.78406330544677,57.00158275207044,42.50513937445581,Clayey,Paddy,23.93125277982699,18.306096388670042,15.957677147926695,28-28
27.124116493386797,53.49172624323164,34.079569382012565,Black,Oil seeds,41.144296912096564,2.657683353125362,0.0,Urea
37.76849980179212,68.1931792698934,49.215208667730984,Loamy,Wheat,10.025936603933658,21.74713286821642,29.20773699796309,10-26-26
27.8830169322493,55.250117101929675,33.14186604227839,Black,Oil seeds,34.48249356879663,1.4929312260667738,0.0,Urea
26.218215899362608,51.81383791589474,60.153046302300076,Loamy,Sugarcane,12.78595239572847,0.0,11.237486315533904,20-20
31.469618789014177,55.86924740671672,33.42833582701291,Sandy,Millets,10.84397790881452,9.62085734332366,29.976942989066536,DAP
33.22755593907093,65.38311300961095,60.63933243481576,Black,Cotton,9.682374521002833,0.0,38.02144542044029,14-35-14
27.057401924777448,51.56059238674914,39.359037180979215,Sandy,Barley,24.460692029850286,0.0,20.755451517146522,28-28
37.06404957711821,70.26911607605376,36.34153921969819,Red,Ground Nuts,39.15191015901948,5.75188065865043,0.0,Urea
29.751388033706125,51.912786073339916,36.014997576661656,Black,Millets,37.735555232675736,0.2900392468917825,0.0,Urea
29.100213578920496,52.6812390088484,37.80592524706906,Black,Millets,35.851283438352425,9.57004079313371,0.4848572755290845,Urea
27.140843758729353,58.54634023683937,26.540589952640133,Red,Tobacco,9.666496099374028,18.090790767739634,17.16861948468503,10-26-26
28.443005620251327,48.18139818828541,26.750752378925583,Red,Ground Nuts,17.498408119141743,14.007786620130359,9.42819412341205,17-17-17
29.15428411406088,61.776010215533,46.36475208722344,Sandy,Maize,19.38674686115175,0.0,32.076346972738484,28-28
34.20314385352382,66.36686528113744,50.180185347734984,Loamy,Wheat,44.82216363551566,4.786091672353915,0.0,Urea
37.08203378076088,61.451985414571126,43.57388616940891,Sandy,Millets,10.97454360629668,7.195094011607589,38.69950033579887,DAP
23.698969638160882,52.02470155379935,57.88429072494779,Loamy,Sugarcane,10.076060377791908,0.0,1.745459973383344,20-20
26.74606953708355,48.99667244773597,30.314168556182,Clayey,Pulses,12.062496808726634,8.037226740742245,15.514016758140212,20-20
27.701124911027506,49.75626631630388,49.230749757018444,Loamy,Wheat,24.608210111334994,3.2501104079132093,28.532861867225886,28-28
29.345924263809405,58.90592371791971,36.28944636241012,Sandy,Millets,9.6499685713264,0.0,33.36419126208849,DAP
25.953610276697713,52.50828432442948,35.44537093703464,Clayey,Pulses,6.989453650086579,0.0,13.891754731180825,20-20
28.548628466237453,57.17538343852234,64.92830744367184,Loamy,Cotton,11.671256207647119,3.396135132915476,41.660035246814175,DAP
28.486624676964436,52.692121343460464,32.09734214724633,Black,Oil seeds,40.86316336550969,3.0753522585412494,4.4053542405658845,Urea
33.98739530627412,63.186988049566736,32.73241228141224,Clayey,Pulses,37.81139386172208,0.0,2.639126906216818,Urea
31.168911446368885,63.9102448547623,61.20705936806911,Loamy,Sugarcane,14.144707857796782,10.184790143816727,35.239445570005,14-35-14
31.143066452911853,65.09218721905542,41.57837422073598,Sandy,Millets,45.203468088723255,0.0,5.801080302469016,Urea
33.57861982632247,65.6161423762072,60.3569135384166,Black,Cotton,4.903333527562828,8.538756355421492,27.600857423269137,14-35-14
32.10903329485032,60.21170693591603,25.5388757712054,Loamy,Sugarcane,7.163045665988705,0.0,34.70156805352166,DAP
27.69010910223252,46.92327891972899,53.77655641908453,Loamy,Sugarcane,16.247739921744195,19.38259075554123,16.0660874851998,17-17-17
29.122321512829558,50.661801623813915,37.27813113639002,Clayey,Pulses,8.297526071102162,9.09955002837063,10.241168101008292,10-26-26
32.100287266889964,61.79957862905368,25.415287664321298,Loamy,Sugarcane,39.253075267922576,0.0,0.0,Urea
28.989478890573352,56.814254705029185,36.481424078499444,Black,Millets,36.688004385720305,1.0870157275184913,0.0,Urea
32.214296058649346,66.68713890750833,49.20555029829628,Loamy,Wheat,24.655900184123112,0.0,19.448045184398705,28-28
23.76357774578729,54.876999289540464,44.58769159148317,Black,Millets,20.347274504896145,0.0,23.0836238850929,28-28
26.73415400614283,52.07616985146247,34.05926361775923,Black,Oil seeds,10.659370370466872,0.8925204729217349,8.36893624221186,20-20
26.130358300791478,62.23966930031783,37.09985399993339,Sandy,Millets,7.711182181548747,3.9895989814856216,14.091986745323812,20-20
27.0776004779373,48.88904325824995,42.258914270537566,Clayey,Pulses,28.872364501181053,0.0,27.621060544873718,28-28
30.669699425642754,60.060221204359266,50.02824210439463,Loamy,Wheat,11.87654168588372,0.0,13.227047471180441,20-20
33.62231552047675,65.79017031690819,30.62575691505251,Clayey,Pulses,41.42165182563246,2.070600317468983,4.587194393524278,Urea
31.957167261101254,61.183825404499885,32.53283266703274,Red,Tobacco,25.303960483466682,1.0073952768513803,14.931400894777724,28-28
30.955304951117657,66.57739860140187,61.56874640132181,Black,Cotton,23.44087904559509,5.484605788241865,24.187732320016416,28-28
26.55182730606901,51.01417750372345,42.04556314403906,Sandy,Maize,33.83920044601979,7.515212674803541,24.711561686390098,28-28
30.203857709844876,57.916163945219715,40.16681260393526,Clayey,Paddy,24.04166113619541,0.0,21.069831152975155,28-28
38.4569930396895,62.90174107144017,30.569646550001732,Black,Oil seeds,9.665783704225248,0.16677712162797587,12.132875041201636,20-20
25.685574607912116,57.83968096296427,28.678753584200315,Red,Tobacco,11.917118665570753,22.360880909224495,14.633945962373506,10-26-26
27.404649366783488,55.79123090155418,42.50471711741955,Clayey,Pulses,22.943689688026282,0.0,6.7039121745288925,20-20
34.74951749706967,55.86850562453381,43.84595270407035,Sandy,Millets,24.1793329318046,6.20878356191578,38.95118935681972,DAP
30.621450311851746,60.90076574481039,63.16284875206447,Red,Cotton,11.798464370361902,11.705423509507145,38.391988475452436,14-35-14
29.9044794215032,48.751379281267376,55.753325437369185,Loamy,Sugarcane,10.955090020029113,1.398516646655147,16.377184398600274,20-20
26.97270291883621,49.445397394330584,37.6441510414619,Sandy,Barley,21.7386038659264,0.0,31.10831851575852,28-28
29.50400131143913,54.639787478293755,28.688213093627,Black,Millets,31.271048192054504,2.761534050339669,0.0,Urea
32.61527156328056,61.24356592231683,43.53360622124153,Sandy,Barley,14.673696251235906,0.0,47.27928249069257,DAP
28.187011317825217,50.67876399237505,37.972382329941595,Clayey,Pulses,19.725074645103625,0.0,23.114258179281748,28-28
25.804206510008555,49.60480139339232,59.36883245254649,Loamy,Sugarcane,14.077003592766843,2.668372609615279,8.742636457287997,20-20
26.97399434522466,54.481218349261546,47.96837145538486,Sandy,Barley,3.8109852762123193,15.356134594266903,15.207426210773665,10-26-26
33.93580007174213,68.2289661310526,37.22833912139933,Sandy,Barley,3.670297978923915,2.132413570546494,33.52897469342579,14-35-14
39.47924137373663,66.53176116475495,60.77629186202894,Red,Cotton,11.0956676303618,0.0,47.34066897486943,DAP
35.33548025772137,65.57053685491601,34.46608588488454,Black,Oil seeds,18.28945830612978,0.0,18.344930862566578,20-20
37.17325565291773,58.824818039196586,43.65056645955798,Sandy,Millets,14.767529846238434,0.0,44.95795724706879,DAP
30.085401377680714,58.08664603249008,41.6195366999138,Sandy,Millets,20.751944347642976,0.0,9.935131351268517,28-28
30.234508775423077,57.404537332470994,64.38987567903794,Red,Cotton,7.046105125047599,4.729954984605067,30.9516528776431,14-35-14
29.5435660064572,57.6199644822393,58.05077716970862,Loamy,Cotton,1.8949697365380667,16.90222377115954,21.283895155973006,14-35-14
34.33973724654685,65.1287465410235,31.684132956308613,Red,Tobacco,32.70707208385262,6.611500406903936,19.08631379130413,28-28
26.08889940061932,51.67449521467813,59.261451567095406,Loamy,Sugarcane,14.347649553742215,0.9558901062730021,18.38321683649621,20-20
29.766116760484927,54.98422419470794,55.25559667505413,Loamy,Sugarcane,4.719452105448484,8.2130830516636,35.68772487753185,14-35-14
33.09989635425305,58.87663664827276,35.528714630978605,Red,Tobacco,13.24204015039892,7.616657430611608,25.367655487814766,28-28
32.529588712767826,60.30612278011661,37.99289322753953,Red,Tobacco,13.838104771623494,3.888583129052477,21.67983722779907,28-28
31.05773812000137,64.38539974947793,44.76162341317148,Sandy,Maize,26.680365707322466,9.067536459445202,26.83693168213736,28-28
30.219775330150426,57.50838293374681,40.13993259146058,Clayey,Paddy,5.989306793371541,19.609084653108738,24.9809289147942,14-35-14
29.669027567084456,61.43891768572567,27.582472268440206,Black,Oil seeds,11.154249690200725,6.027204587268178,34.584066843773286,14-35-14
31.105889641093093,58.05922614834454,38.435107633485224,Sandy,Millets,3.288580297215627,0.0,16.603605127579687,20-20
33.6567055152629,65.21382451479698,59.10172577842429,Black,Cotton,2.0411161242317144,14.625111496202628,37.815597003327824,14-35-14
26.889241579651852,59.37679901419724,34.56492651379828,Red,Tobacco,17.340605573600108,20.273821548167348,14.130336358778221,10-26-26
31.776084638052268,63.77952456479381,39.17798816666561,Clayey,Paddy,19.442333214451885,0.0,18.058393240513112,28-28
30.806049394060604,60.13005288321263,62.958904385574634,Red,Cotton,4.458003941857041,16.293821523672978,29.67400991487977,14-35-14
30.454760034646366,64.95851947616184,51.5846906306051,Loamy,Sugarcane,15.674269778061607,14.640263072667496,4.81213581277143,17-17-17
35.95105227320437,69.77027375490647,47.88163363316218,Loamy,Wheat,5.768347263486325,13.795463577102971,29.72103840300677,14-35-14
30.945944247105317,63.2260945072463,33.166734129596186,Red,Tobacco,18.00883996721378,1.088011777819346,14.550001452022808,28-28
32.973695323181786,60.43957085169285,56.04437682671338,Loamy,Sugarcane,9.09484006974732,1.9080568754623775,23.011153076765922,14-35-14
25.673650115332126,52.85150301216594,59.572633109260025,Loamy,Sugarcane,8.938756210119617,0.0,11.872539896168632,20-20
33.51910615056409,68.32576861292658,44.69167115376005,Red,Ground Nuts,47.41874277923538,12.594740955879756,0.0,Urea
33.68076895342532,65.70460571029588,59.90889542348786,Black,Sugarcane,33.0203762378189,4.238061083438674,6.923228491580737,Urea
25.70699280528141,50.743849074693294,33.395560998028984,Black,Oil seeds,38.16708301131819,0.0,4.576212965675028,Urea
23.99091902536635,48.57366895114649,38.289930231199484,Clayey,Pulses,0.0,21.50735860204055,23.753462520432084,10-26-26
28.358337645287722,61.04949791329763,29.925729558622468,Red,Ground Nuts,38.63439984911174,0.0,0.0,Urea
31.2118075031046,62.12527894277426,28.83223083358939,Red,Ground Nuts,44.85760165863195,0.0,0.0,Urea
24.668025017171345,53.7638915167235,38.35267112892211,Clayey,Pulses,43.52239792991381,0.0,0.0,Urea
28.39308581734694,61.89142873716967,39.444100401909125,Clayey,Paddy,30.68514008890388,8.083658268175311,18.961051126112825,28-28
33.30274161724032,65.93026121405615,53.22574626030598,Loamy,Wheat,33.26872075108908,0.0,0.0,Urea
36.004122927531945,68.68485062274026,39.34321094687154,Sandy,Barley,4.344542590499787,25.90072579270372,24.644941313639094,14-35-14
26.33834776878642,53.04293595668883,28.749134883858545,Black,Oil seeds,16.90090451565313,0.9992942701978107,14.103722454960057,20-20
27.540183932231137,53.532484897220584,31.489183770366008,Clayey,Pulses,12.709492147725095,0.0,45.97137630508976,DAP
34.43805270556058,63.9472147049287,52.027254960039095,Loamy,Wheat,40.8447690155468,0.0,6.239840794279944,Urea
27.891797230552044,52.51535409025085,35.57007976253329,Clayey,Pulses,36.41213813041756,0.0,0.0,Urea
27.819950374268014,60.74952566856141,62.82510375723827,Red,Cotton,4.170858523552713,0.0,43.85480760962119,14-35-14
32.62204972198637,66.92837235932626,60.18001596122741,Black,Sugarcane,5.608767284093414,0.0,19.024933335511715,20-20
30.978241357135904,63.21992627538761,39.27481695483941,Sandy,Millets,11.461996100289129,0.0,14.521950962421062,20-20
30.906089809099583,56.40845084644145,51.970196673499146,Loamy,Wheat,9.430937420623152,7.265719379538977,41.2307975091086,DAP
27.445779993787802,57.717641141147695,66.321748828106,Black,Cotton,19.01418967017135,0.0,38.28694221510615,DAP
25.920672173736644,55.9047285314299,38.92144286240134,Clayey,Pulses,41.296133351482105,0.0,0.0,Urea
29.407648096144655,56.47365105586241,38.999509387729006,Sandy,Millets,7.119851376278282,4.243162892409887,13.341906604841009,20-20
30.926534151020345,63.45466851040732,41.699308317785146,Clayey,Paddy,20.853820985897794,6.7875640454373976,27.28083945574675,28-28
28.284844708382824,53.028985688148474,45.1181601273464,Sandy,Barley,0.0,14.604668954235274,15.927300996272484,10-26-26
29.170658619766314,67.72477530776183,26.231093690484744,Black,Oil seeds,10.02594592580574,0.0,26.10755219419748,14-35-14
32.29354804935281,65.31806595033706,51.640252569754985,Loamy,Sugarcane,7.807057214417196,9.31851435160906,13.82678311957177,17-17-17
27.20108471003174,56.342194112300966,45.67468221306127,Clayey,Paddy,35.67847075135805,9.192300471798266,1.8113036024067442,Urea
26.889194856619635,50.01596049545067,45.41668367696351,Clayey,Paddy,31.45641927977139,10.630901819243977,0.0,Urea
28.88933020465456,55.39547376598234,53.48390210323377,Loamy,Sugarcane,12.987242881362036,17.94633650865127,40.01206130866179,14-35-14
26.81447886827086,54.13275448285425,31.171412278439696,Black,Millets,33.52288099142089,0.0,2.7834181372892965,Urea
34.10007385647873,65.89323659014217,40.016799452542486,Clayey,Paddy,28.920278880315312,6.564385871088757,14.238737667378334,28-28
30.122366469615336,54.99366495386908,33.79996973041615,Black,Oil seeds,1.6990687362057777,8.289880568273043,23.914186921574846,14-35-14
26.251600807783547,55.174330880734296,23.728206408893122,Sandy,Maize,13.590655960158916,13.260889607172992,29.293274798004834,14-35-14
28.843129105287385,62.267381348819995,45.37147961126279,Loamy,Wheat,19.61661655988533,6.600705817783422,7.64131922410291,20-20
36.91184218271311,67.52140571230291,58.55466793240765,Red,Cotton,10.610485335109905,0.0,36.38404844498468,DAP
30.136967970538542,59.902425379201226,28.08733746170893,Red,Tobacco,7.3740798143202655,12.080018556991007,15.221539746901204,10-26-26
26.554036102400882,54.32522211342256,38.89790429247296,Black,Oil seeds,43.059545189110814,0.0,0.0,Urea
35.34684693983361,64.64251994050365,65.08658027472325,Red,Cotton,25.47400135247171,0.0,33.16852370268974,DAP
29.62718560149277,62.37756215761378,64.86854446428971,Red,Cotton,11.263483818427693,11.012568781897725,31.879206874993358,14-35-14
27.83068332917386,58.55499369921892,45.37050523274982,Sandy,Barley,13.149910152898705,2.7272450007125073,48.17777202613054,DAP
35.56412336798389,59.42222287388042,41.90695969947539,Clayey,Paddy,18.321792389799043,2.1760368350571406,22.45311878738296,28-28
33.740093712835375,67.65380956962804,60.93389431291112,Black,Sugarcane,6.499069929783643,0.0,10.876478666002846,20-20
34.559719166134265,68.37281721023366,51.7175919997453,Loamy,Wheat,45.534173224028024,0.0,1.2022777532390685,Urea
37.39769650935263,70.87699654841202,31.34960505846589,Black,Oil seeds,11.33155094026994,3.0282154384041435,35.15559911719272,DAP
27.925252411013325,63.66076551420997,48.252285927280994,Loamy,Wheat,8.888333665034796,0.0,7.953636281956182,20-20
26.339703922020895,54.180326236431966,43.09772766726035,Clayey,Paddy,8.005850158521131,14.315130141457978,28.592339811985905,14-35-14
24.926789383344484,49.680225392916036,31.500722261603467,Black,Oil seeds,12.131840017618245,5.486228761980851,10.3723718204532,20-20
29.429531054569292,55.700708287565064,43.82368520117864,Clayey,Paddy,18.785303675587272,0.0,25.460640813028597,28-28
29.45865884611153,50.21308554130877,46.491506131314814,Loamy,Sugarcane,16.222034771038874,0.0,31.817480219840807,DAP
27.042947404064066,53.08656380038835,61.244531342699766,Black,Cotton,43.69576893269947,3.2016833355653445,0.0,Urea
33.28056749452211,68.23608470650973,60.84214178463749,Black,Cotton,13.705736615532562,8.680624050577551,29.045934284641483,14-35-14
35.751676757707905,68.87768044568652,34.64804605848727,Black,Oil seeds,4.517238107192776,0.0,12.600153281198722,20-20
34.181270988547666,66.27674108660446,45.23791349921217,Clayey,Paddy,14.609984193329069,24.073178224405673,23.033414784025812,10-26-26
25.997244471268,55.26255609302046,62.29886867095241,Black,Cotton,34.04630356548109,0.0,8.350604983965738,Urea
24.849633515113464,54.24904071880839,30.275438169225346,Clayey,Pulses,4.296185902079705,0.0,34.56877140595129,DAP
29.944061803718636,59.246612272532786,52.488364878832044,Loamy,Wheat,13.960451617890795,0.0,34.161122180699394,DAP
28.977414348428898,56.39132432400458,69.63258963488428,Black,Cotton,16.962200292664996,0.048501127908658584,48.38363916662818,DAP
32.64769537302368,56.77723626558631,40.07265434408909,Sandy,Millets,0.6419437283817864,3.4230341613631765,14.746475377583332,20-20
27.511329665416568,53.30881017789575,39.26940517244011,Clayey,Pulses,11.806077005771549,18.939027192317642,19.847142991837195,10-26-26
31.473681990304158,63.066030336751034,39.369059429449166,Clayey,Paddy,11.709232829285522,0.0,11.127912135963353,20-20
25.849332140653697,52.55379050264943,33.3377569938268,Red,Ground Nuts,11.231371824299316,1.9269421028151157,41.222587404708094,DAP
31.174517067418634,54.944164505714205,34.86802729440302,Black,Millets,36.320386142353286,2.824177805680848,0.0,Urea
28.014421655131446,52.5944372014961,40.71579517607022,Clayey,Paddy,10.996497504184102,5.502966095191284,25.98992705470248,14-35-14
30.462481555308152,58.48041193417874,42.77729374018708,Clayey,Paddy,25.695813238734974,6.354999390193799,22.847983897210714,28-28
27.945035312951607,58.05017702538121,58.636222368029046,Loamy,Sugarcane,7.1798870284871175,2.5307241930797124,30.396630794621228,14-35-14
32.93984112752324,58.25841711073164,47.844650989290436,Sandy,Barley,7.723108322440535,2.960183872151951,37.221887187055394,DAP
27.021325553277318,54.64707144775784,26.860706115351785,Black,Millets,25.38503596236717,0.0,0.0,Urea
23.45446135771204,46.951806938952636,64.15365511977167,Loamy,Cotton,37.00795428341112,0.0,9.939767220724976,Urea
26.19361242240985,54.03515854132521,46.55128158660553,Clayey,Paddy,14.699498404510566,13.092479171960806,32.87692696625714,14-35-14
33.136348175497155,60.428235506811355,64.82487663201303,Red,Cotton,10.600943440885645,12.208348343680736,34.86206634548523,14-35-14
28.86064489308694,53.49143904154172,64.28972200599102,Black,Cotton,49.01897467437576,0.0,14.1694956116391,Urea
38.34580368767221,67.26618776692416,36.773126990269326,Clayey,Paddy,18.65073508076971,0.0,39.588474152650306,DAP
30.93487023283047,59.5566718627022,41.66630648167831,Clayey,Paddy,7.30608735764694,7.813985147069201,29.059490746758456,14-35-14
25.835168616039734,51.572592902688456,37.301897581343546,Clayey,Pulses,1.34571515056067,11.864268137262528,18.398489449662097,10-26-26
28.4381065069507,48.736902957779755,33.874227805922956,Black,Millets,38.19423283092366,1.6504526560928856,7.959760407422705,Urea
31.25220300996858,63.37641369452281,31.246087200789848,Red,Ground Nuts,2.9590891492294293,2.040947685434996,43.214501278415916,DAP
28.04252440020311,50.6411980824257,37.09807029456149,Black,Millets,34.05965053418567,8.714715225781813,0.0,Urea
25.887810908314368,44.620434066117475,38.86569992667091,Sandy,Barley,16.312844267854317,0.0,12.365501655035334,28-28
35.10224189679003,65.49285074113968,59.06216382645763,Black,Sugarcane,14.089382262610084,2.7783295528827114,11.596873921187397,20-20
27.34741413422084,59.69852453295622,27.275832970458183,Red,Ground Nuts,43.37333260023058,0.0,0.0,Urea
31.58755615438924,62.73084788478116,55.48971261770412,Black,Sugarcane,19.845185087819843,2.6931674627981383,10.977623333148124,20-20
30.949592943076098,62.04292124333134,25.450678535173978,Black,Oil seeds,17.369113527785515,12.40166872567119,21.6947989032262,14-35-14
27.502438379204968,51.291793178959644,38.15709950564046,Sandy,Barley,22.643328875981727,0.0,16.56803106131509,28-28
37.96752384514967,66.97996515271863,47.18908818084704,Loamy,Wheat,6.687547994814731,3.5681896055994224,30.643970044850136,14-35-14
38.17807150855908,71.30294347955275,52.81285201226896,Loamy,Wheat,32.177896392075695,2.8194066486755798,4.448203088994422,Urea
33.18227158854599,64.92336657481125,40.7039760399899,Clayey,Paddy,12.230218821055463,19.99802793043222,23.50415240413522,10-26-26
26.104720035358994,55.75063085032919,37.74347729861209,Black,Millets,30.855523887342557,1.721264551099462,5.361371700543359,Urea
33.08902260645265,68.13395927525534,36.826555936727424,Clayey,Paddy,45.44770857631633,0.0,1.7640880122281322,Urea
27.98098083089309,54.37800051648018,41.72875524036229,Clayey,Paddy,9.692099900314687,14.151462442483346,26.07075913526881,14-35-14
31.03314672284533,54.78969124950991,60.64004410723594,Loamy,Sugarcane,7.794673969064929,8.333932619344035,41.00237174584993,14-35-14
27.459588978771766,54.0618898428127,65.12900984166991,Black,Cotton,45.4162239905817,4.660647774236846,0.302455230476123,Urea
33.73522997345398,65.65287476451334,48.73411128102547,Loamy,Wheat,31.689117121260004,0.0,18.52219570113509,28-28
25.899188032813633,56.5282575382398,24.553119358487876,Black,Millets,40.13881821047312,1.3680983884378553,0.0,Urea
35.089878149516466,66.82931255134024,52.70687358947164,Loamy,Sugarcane,14.882187908518647,17.828345493046815,8.515381388725537,17-17-17
31.31726529902422,65.09688833245878,28.71074045711226,Red,Tobacco,29.945422749308523,6.839578631361456,24.110868041748198,28-28
36.13682492220707,66.33465369131832,33.34128927980291,Black,Oil seeds,12.627975973293076,3.535685608065437,17.306031847852378,20-20
32.398536367269976,67.19571647024418,26.557124632410897,Red,Tobacco,24.94078216451155,3.02635132816284,16.368510481287302,28-28
30.272838555386237,58.70757314384175,60.09769201817145,Red,Cotton,4.919936629571761,7.25409500284184,27.556793079221812,14-35-14
25.282139655072008,57.272086940696916,29.514905561948737,Red,Tobacco,13.776345477468222,13.43415769675315,17.04182346538443,10-26-26
29.99109499310076,62.9850364929097,57.52853199024451,Loamy,Sugarcane,11.58520762050889,2.181436502678684,30.160661262778405,14-35-14
34.46892734132428,68.73416022604722,63.073114065336355,Red,Cotton,19.929585425896008,0.0,37.04251203154031,DAP
29.44800638986409,56.44937264113451,43.66949090547867,Clayey,Paddy,12.117542128259162,10.978564676937559,28.264969743731026,14-35-14
31.17063542880402,56.315394509707914,33.36743817416056,Sandy,Millets,2.7852802532136964,0.0,13.73114851129786,20-20
27.50071701227686,52.83972412537832,29.289203414445513,Black,Oil seeds,12.280226579544745,4.112748961483359,16.602256089187033,20-20
31.428015729533193,64.04509736242653,51.07530616798715,Loamy,Wheat,45.727085624239294,0.0,7.041416706254713,Urea
28.79393878137946,63.59206112734382,44.16355302049537,Sandy,Millets,14.896067908853432,4.922006179040401,4.63394726772845,20-20
31.884602764854993,56.779608842599565,42.8784616013486,Sandy,Millets,3.813365895438949,0.0,17.051386921078908,20-20
27.987212904343743,54.13725526782892,28.140882023193424,Sandy,Maize,18.174064989693147,12.133468030598776,39.614215895525206,14-35-14
35.29515776459758,63.61764055275718,56.6298477850167,Black,Sugarcane,11.498998421282826,7.003828271607374,15.34094425008235,20-20
31.461953162950948,58.579317525864035,43.88830921798853,Sandy,Barley,22.774923324684547,9.095244323945042,19.776351285329994,28-28
27.095772597353513,52.1834000460996,32.59066528386042,Black,Oil seeds,20.823941547419757,5.982461943086093,6.982435889582002,20-20
28.684813542905452,60.44553159901399,53.86398108650889,Loamy,Wheat,16.977337118931903,0.7625689810429985,31.224821625673165,DAP
28.791922004747892,59.03670777332071,39.32909832719036,Sandy,Millets,19.99870380022866,0.0,6.698733693270777,20-20
36.42696782263697,67.01226191867298,61.306645158172124,Black,Cotton,6.902595555738181,9.771402045858984,34.75407850740474,14-35-14
28.08076223299515,60.14378349117792,66.08764914235442,Black,Cotton,4.354884990296398,0.7288370094405181,26.7376546296447,DAP
32.756499308668865,60.70256287613103,58.340753848753145,Black,Sugarcane,8.799422912760505,0.0,9.607871351138026,20-20
29.64546230994293,54.514249629291676,47.41257161777176,Clayey,Paddy,9.748605004094811,7.292951509380266,32.407168923577764,14-35-14
34.226111010166335,67.36592847082669,34.151677936098714,Black,Oil seeds,6.901169628494314,0.0,39.95715159284563,DAP
23.477446454986268,51.16784518930011,39.772350481113016,Clayey,Pulses,0.0,19.73296366389309,1.590684393985292,10-26-26
27.173962546035277,53.4328992164478,38.469724790849234,Clayey,Pulses,20.81727175970769,4.667046232253835,26.77928868959415,28-28
29.89026606955735,53.4770058442809,29.32692935561292,Red,Tobacco,5.2537217162627545,21.616359496399394,20.06001130365324,10-26-26
27.58243757158747,50.740300140304136,40.85309297016351,Sandy,Maize,32.41176500115598,6.316154958322824,0.0,Urea
30.67018549133673,60.32856643289986,50.92137694118187,Loamy,Wheat,14.727901458908894,7.8944146648228495,14.915190509382352,20-20
37.89110927883128,73.63346492390787,49.64092715301556,Loamy,Wheat,45.036271832537885,1.0540951089582205,0.0,Urea
31.709911277637648,63.377855883745724,29.29650266450926,Loamy,Sugarcane,43.341204103003975,0.0,0.0,Urea
34.54524343781837,58.55297256330403,33.637815393386525,Clayey,Pulses,34.96425702346881,0.0,5.709259932483465,Urea
37.0956081010152,72.89662169567083,29.59545389859902,Black,Oil seeds,13.946991409474544,0.0,44.181547736879914,DAP
29.297912797665287,48.492006380354574,43.24107018462808,Sandy,Barley,14.204706636511258,0.0,22.71579003232467,28-28
25.432554861416968,54.58054506137601,34.007357900850224,Black,Millets,41.70171389229411,0.0,0.0,Urea
30.66608721525885,62.20562512187202,24.436645773229106,Red,Tobacco,10.919703675919198,17.678761679897562,20.07177342106622,10-26-26
25.211557158870594,55.05696054724424,38.134655589858106,Clayey,Pulses,19.207709289418204,0.0,18.19780441777038,28-28
29.02554471696888,61.235546209113004,59.77938959000399,Loamy,Sugarcane,23.085037265064475,15.665293492782997,34.10705895902193,14-35-14
34.29997664061919,66.76504630777038,32.944798242783136,Red,Tobacco,11.843599510142912,0.0,34.66339935726883,DAP
38.560347336260016,65.19774550146852,31.073350986612088,Black,Oil seeds,17.501127741191663,2.9740911993355206,23.58711841055457,20-20
25.866267555575963,48.607411439231086,33.84392777444623,Clayey,Pulses,25.74059631901349,7.350284433668612,17.8121181003032,28-28
29.944209593477524,61.76249447972705,48.26496165680721,Loamy,Wheat,35.04473893518202,3.5357559540315546,0.0,Urea
32.56459002492497,62.06247121161313,32.344375825174865,Red,Tobacco,37.47859120936605,2.736149366975969,6.498331340875151,Urea
30.008409095496116,64.36260170713692,48.30860933656526,Loamy,Wheat,35.6571953747059,6.15165015227717,0.0,Urea
27.0642334571881,57.992550658873164,40.5596006819292,Clayey,Paddy,13.466451985164868,9.125975198264578,32.1808350299746,14-35-14
35.382215666472106,67.53089031403466,30.340270000557346,Clayey,Pulses,9.728497908069038,14.167883084403556,27.794256635939394,14-35-14
27.457614400816226,59.047737830129265,56.534561747643096,Loamy,Sugarcane,5.893796207106775,9.277813652338208,30.336447368070186,14-35-14
23.489225005021403,49.1565391499722,45.868574179836955,Sandy,Maize,11.933403944227026,0.0,19.20807321690321,28-28
26.899325907353894,49.98417610969944,37.71327136948142,Sandy,Maize,34.46336659998329,0.0,0.0,Urea
30.255283428813904,59.51689391737565,47.57969906431384,Sandy,Barley,16.12666924526077,4.179618016804671,49.69869585284838,DAP
26.744815493025058,52.21118851079724,34.31057572454934,Sandy,Maize,41.45178613420235,0.0,0.0,Urea
32.24138526765464,69.62983842990033,34.00301366936651,Red,Tobacco,26.167502868283158,0.0,36.72692995534757,DAP
30.27498060995302,57.887276141961294,44.78371128180398,Sandy,Millets,12.015190005950684,15.62989603251675,16.864486811149952,20-20
29.81354446689848,54.167989563440614,31.130373670385495,Black,Millets,32.26707277153658,4.304990236012248,0.0,Urea
25.626782147157527,54.38360349695687,23.508876910620017,Clayey,Pulses,15.218864120572409,0.09845775441693339,37.18203119811056,DAP
31.404699026693272,62.01704030955986,44.236177960607264,Sandy,Millets,7.147209918465059,0.0,12.503250767554288,20-20
31.318885051053957,66.90173637029126,36.78549009693088,Clayey,Paddy,43.23733778985751,0.0,4.14974630694307,Urea
26.76184767429584,49.823998465335954,35.36648778348805,Clayey,Pulses,21.813636481313445,1.4521724531465514,8.846604877179905,28-28
26.06262190705172,49.375266801529,33.667054363067784,Clayey,Pulses,13.312383651436683,1.7413243926142954,14.86315633357256,20-20
26.303988709388992,56.48750715793788,40.39669385249771,Clayey,Paddy,7.7289185338886615,6.443187625759986,38.04149429537567,14-35-14
32.22086942626303,64.73450363555483,33.98325192041115,Clayey,Pulses,29.521163330679038,6.909678151763393,0.0,Urea
30.16586609780078,63.211566838986734,25.063270773589263,Black,Oil seeds,3.7477536141271948,22.695640334306873,26.23387236962663,14-35-14
29.143189751455918,57.82115453119305,39.18220778082991,Clayey,Paddy,22.209448889571565,0.0,11.838986841023614,28-28
30.92974824838821,58.42920884750254,31.138914162077086,Red,Ground Nuts,35.34209043738888,3.4397726816871983,0.0,Urea
26.77891342442345,57.246321848751016,59.170098690319975,Black,Sugarcane,16.272950620785007,0.0,12.50578944540602,20-20
28.527311603343154,52.44834708278622,50.23430637800969,Clayey,Paddy,34.350553827035434,0.0,0.0,Urea
30.366253532910573,60.405933970085464,29.876941305171098,Red,Tobacco,45.51940153521028,3.406890854468056,0.0,Urea
24.80281823567838,51.59279681311335,35.978367854657975,Clayey,Pulses,22.459596235419966,0.0,10.07290996897874,20-20
32.05613174041666,61.62593636990141,33.94380714898026,Red,Ground Nuts,16.38868545276033,3.217599426644207,32.81767473656838,DAP
30.12921279320174,60.534639969029975,39.953578440348515,Sandy,Millets,12.2031706509277,3.8121346477542484,17.924335497362325,20-20
27.242682835877112,53.92009728534396,38.46940820313459,Clayey,Pulses,22.334840384800657,2.1892687070632815,29.786981251673563,28-28
29.40370845898615,52.774051669618274,38.780342157170104,Black,Oil seeds,34.33071964953899,0.0,5.862045667203501,Urea
28.898049153722507,52.582032119066554,47.01599167783874,Sandy,Barley,1.0573091276386108,18.001161780637112,13.601039369122837,10-26-26
30.729824720835676,58.64037434455663,31.66076109123829,Black,Oil seeds,7.092650724483617,0.0,26.886690132785116,14-35-14
25.2740396959761,50.456719375359384,66.58370395934529,Red,Cotton,8.101905132180399,0.0,13.90586911216134,20-20
34.8474243142744,66.85863927701314,31.6964130031743,Red,Tobacco,5.663904188895842,0.0,24.197027735399054,28-28
